Tweet,Compound_Score,Sentiments
The package didn't move even though to use the best service it had to arrive today and it didn't arrive,0.6369,Positive
promo pull only trauma tbtb got it using argh,-0.4215,Negative
ugliest feature ever,-0.5859,Negative
"Dear, I want to complain about buying Tokped goods with an expedition, right, thank you, father, go home, take the goods from the courier, said the wrong address, but it's clear that the address is correct",0.5106,Positive
"choose the courier, just turn it off, get the courier late, get a bad rating, right, the seller is surprised the courier has a lot of problems just using it",-0.6486,Negative
"what about the recommended courier, the worse the motion package",-0.3182,Negative
How,0.0,Neutral
"I think it's real and it means it's a joke, Tokopedia",0.296,Positive
use the same priority instead it's slower because of the courier recommendation chat cs toped instead the suggestions haven't reached the end of the resolution center hadeuh it's not getting any better it's getting worse,-0.7005,Negative
"the courier is very slow, makes a bad image, re-tells the office address, active working hours, says the time is ready, the courier's pickup is fast, it makes magical sense",0.1779,Positive
"so it's like this, choose a recommended courier order date even though you have to move from jne, I think using subscription plus plus priority service will be even more real, it's even slower, it's a loss wkwkwk",0.3134,Positive
shop using free shipping then get it after all this time get anteraja different courier recommendations even though sending it with a package of extras kur recommendations already arrived using the frills arrived,0.5106,Positive
"Yes, it's annoying if the automatic package uses anteraja",0.0,Neutral
I think it's real that it's real money manipulation so that it lasts longer on tokped,-0.296,Negative
"admin, how can you change the courier for one package, send it to move, so the effect of the goods arrived on the date of the day, even though the used one was sent far away",0.0,Neutral
"Loyal, sir, run to Shopee if you find items, even if the sale is in the final lot",0.4767,Positive
"Yes, it's just as resentful as it automatically sends my package on a quiet date at the Jakarta warehouse",-0.1027,Negative
automatic package transactions using anteraja couriers are really bad sending here is much better blocking couriers anteraja buying applications,-0.5413,Negative
"I prefer more cashback promos than the Orange store, Anteraja, my city, the problem is even more anteraja, now Surabaya Madiun, it takes more days",-0.4019,Negative
"comfortable compared to shopee, thank God, anteraja service and regional impact areas",0.7845,Positive
"Yesterday morning it kept moving, why did it move, there was a problem or what, then when did my item arrive?",-0.4019,Negative
the signs of the package are missing,-0.296,Negative
I was surprised when I found out what the courier originally recommended was picked up and it arrived in the middle of the courier changing the route to which Jakarta just left Jakarta this morning ordered Friday last week,0.4019,Positive
"Hello, September, send the receipt number, what is the slow snail",0.0772,Positive
"Sis reply, what's the complaint?",-0.296,Negative
visit the shop link bio send trust service jne amp shipping send jne jneindonesia jneyes jnereg jneoke sicepathalu sicepatekspres official officialmerch,0.5106,Positive
"dm please investigate incorrectly the application system is deliberately giving information in accordance with the product bargain day, good hand goods are changed to days",0.891,Positive
"Buy a package delivery service since Saturday, it's moving, guys",0.0,Neutral
please good customer service if you want to use choose free shipping anteraja wrong expedition send cs,0.6908,Positive
dear promise to serve plus know the party try to underline the sentence take a complaint it hasn't passed,0.6908,Positive
sweet spicy taro chips promo savory sweet banana savory taro only buy Rp.,0.7184,Positive
"Do you really intend to work on the application, want to choose a courier, estimate the day the complaint will arrive by email, answer the estimated day of entry",-0.2263,Negative
"good recommendation, send another courier, early check, happy, then change jne, even though avoid bad things, send it",0.2263,Positive
"Min's handle is good, I give the package flowers, it doesn't move via fast, it's great",0.7906,Positive
caramells just complain sis let my hand be toped quickly even though max day is really gin now tokped I've been a long customer so I'm disappointed how heavy the trade goods are customer messages,-0.3976,Negative
"it gets even worse, says reschedule, report that, fake photo if you can't pick up, write, lazy to work, make it beautiful, review the cooperation contract",-0.5859,Negative
"Mjb, I swear I don't want to think positively, but the courier's record is bad, it's really bad, I have a date out of Jakarta, even more than the maximum estimate for the goods to arrive",-0.8735,Negative
"hello, admin, so sending the goods to Batam outside Batam, then the party said that the tax for sending out of Batam, along with the proof of tax, is it true that the receipt is sold, you don't need to pay anything",0.7,Positive
"Hello, do you know how much the tax for sending to Batam outside Batam, how about sis, if you are always taxed, the shopee is taxed, proof is taxable, thank you",0.3612,Positive
"sending the package now, I want to know the reason, what day is the same as saying php delivery courier say the name of the courier at the end of the day, the status changes, send it back, send it now",0.0772,Positive
"mjb Sis, the estimated day limit is that if I see your package it's stuck, I suggest you immediately click on the complaint message, then select Select, ask for an investigation, send it, sis. I'll help the care team.",0.4019,Positive
"using the recommended courier from Tokopedia, just look at Jakarta day, then coper, jne unprofessional",-0.3612,Negative
"I want to dm a lot of dm I've replied, how come I'll take it, because the package needs to be used immediately in the morning, how about the delivery service, but absent, but what about the courier like this?",0.5267,Positive
"the seller only provides an expedition, it's better to just look for it",0.4404,Positive
which one is more agile satria sponsor yesterday goldmember,0.0,Neutral
"No need to use a courier, always take too long, the package arrives according to the name",-0.296,Negative
stuck day warehouse cilandak west jakut to south jakarta crazy day give me the no recommended expedition delivery service several times through estimation,-0.6114,Negative
so sen deker wristband on Wednesday September using the next day must be packaged until september even though it is really urgent to buy an online pharmacy pharmacy online,0.2716,Positive
kangkoeng hai sis sorry for worrying about the details of the package problem sis help infoin then dm sis thx,-0.0516,Negative
"Wow, what a shock, the trauma of the courier bothering to ask, then in the end, the goods continued to come, take over the courier, the real message was the courier, hello, tokped",-0.4939,Negative
"it's better to focus, min, over the problem with Herang Pangandaran checkout, you don't have to make complaints all the time, please ask how often you have to make them",-0.0516,Negative
"I'm sorry, some parties say that everything is fine, it's a shopee problem",0.128,Positive
"Unprofessional designated couriers, be more careful, choose professional couriers, marketplace couriers",-0.3415,Negative
very tight competition among sponsors,0.0,Neutral
Why is cooperation between goods delivered to addresses only piled up in warehouses where can't change expeditions,0.0,Neutral
update at WIT superior to you,0.5423,Positive
"The day the package got stuck, the new Kebayoran hub was the day since I filed a complaint, please send the package back immediately, thank you",0.1531,Positive
why is it bud?,0.0,Neutral
"Dear, please consider the courier service, delete the recommended courier, the package always takes a long time to send",0.6908,Positive
who is the most waiting for the next day gold member,0.0,Neutral
"it's bad that the courier's recommendation takes longer to be regular, never mind, there's no need to recommend a recommendation",-0.0289,Negative
"Angry at Tokped, sometimes the quality of the goods is worth the price of the goods",-0.34,Negative
hi now admin elo via alpha naek but slow service cm dri bdg pwk aj muter cikapur sgla emg da other expedition services gosah have new features plus all consumers want to lose quickly fast ma shop before,-0.4767,Negative
"It's weird, I already know the problem is to be a recommended courier",-0.3818,Negative
playing dice better give the recommended courier jnt,0.6705,Positive
"like a courier recommendation to change, already sent a complaint about the Toped application, bought the item on the date it was sold, already contacted it for a second pick up",0.0772,Positive
"Please help follow up on the package, admin. If you take it seriously, it's okay to ask for the cargo address for South Jakarta CS. It's really difficult, you really need a package",0.3415,Positive
ask for clarification on fake reports of criminal couriers selling very much at a loss for criminal couriers,-0.9042,Negative
the day package is clear how responsible you are,0.5994,Positive
buy a regular car,0.0,Neutral
"Come on, seller, has ever trapped a recommendation courier to gather to make a movement, has it been a crime, or has it been sold?",-0.7845,Negative
didu now benefits from one of the private flying airports specifically transporting road goods online transactions fast forward Bukalapak etc via jne j & t etc,0.3818,Positive
"The written package arrived at WIB, just checked the application at WIB, just tracked it, wrote, received, received at all, contacted doorbell notifications via WhatsApp cellphone number, even threw the terrace",0.0772,Positive
the problem of no update concerns the evaluation report,-0.5994,Negative
Picked up by a courier jne between sm Anteraja instead of making it even more complicated for the recommendation courier,0.0,Neutral
"Package two, I've been using it for a week, even though it's the same, what if it goes bankrupt?",-0.5574,Negative
"Hi, use plus the expedition continues to send Jakarta Jakarta, just more days, kek plus, even though they say send more",0.0,Neutral
"back then, I'm lazy to shop because of the free shipping using silama, the package arrived gt, then hand, the solution is waiting time, the package is already advanced, it's better to go to shopee, free shipping, you can choose a courier, auto blacklist silam",0.926,Positive
"wow, take care of the courier, admit that it's just cheap stuff, use all the investigations on the day of Tokai, it's gone, just say it's gone, order the seller to compensate",0.8316,Positive
"Min, help, how much is it, just up to gin",0.4019,Positive
"I'm surprised that the online shop is cooperating, even though there are super many complaints, I pay next day, next month, just keep quiet about the issue of not being on the Indonesian political stage",0.4019,Positive
Ordered items purchased September day dm no response,-0.296,Negative
"My subscription package is Jungle, the response is very slow, more than a day, how about the fate of consumers using abandoned CC services",-0.4588,Negative
snacks rambak chili chips choose courier day order pick up choose send paxel normal anteraja rides automatically work with ijo shop lion parcel jne ninja express,0.0,Neutral
"please change the name to be slow, let's change the courier, the recommendation of the courier, the recommendation of the package arrived all day",0.3182,Positive
"it is your responsibility to clearly notify the replacement of the expedition sent from September to September, the position of the moving goods",0.4019,Positive
"I suspect that it was deliberately given a lot of road last year, even though the whole seller segment is more efficient at picking up lots at once, not small sellers",0.2247,Positive
just name you so I'm free shipping I'd better choose a courier when the goods are from Jabodetabek until sometimes on regular days I feel tired,0.5542,Positive
hello min good free shipping feature to erase bad nature repeatedly to complain to until the complaint package doesn't work,-0.25,Negative
"College assignment hanging with brother courier halu, first time snacking on e-commerce cooperative campus, just tokped, it's a bit of a shock when I try to use halu, how come I think the package is really halu, it hasn't arrived home until now",-0.3818,Negative
"The problem is fortunate to know that the marketplace plays cashflow, sends late, late, the opportunity to hold cashflow longer, the longer it takes to send, the longer the money lasts, the branding only",0.6124,Positive
"the courier kid asks about the people at home, at least chat and call when the courier takes the initiative, it's really good",0.4927,Positive
the same thing as yesterday's experience like avoiding fines for postage costs so it's free late delivery or late sending the PES item to arrive tomorrow I'll get a notification,0.5688,Positive
it's better not to estimate the day it's almost a week to arrive,0.4404,Positive
"Take care of the courier first, your recommended courier, lots of complaints about responsibility for sending packages, it's not clear between the seller and the buyer, so it's a hassle, don't always promote first",-0.2658,Negative
I want to ask the package for sending sponge cakes via Jakarta to Manado how long the estimated days will be if the app is real,0.0772,Positive
"Yes, even though using the free shipping feature, it's a lot of luck",0.8402,Positive
"Wow, check the day the goods don't move, South Jakarta cargo may need to be reviewed again, don't subscribe to the market platform because it's negligent for the delivery service",0.5859,Positive
"Changing the name to a snail doesn't matter, the package until tracking goes free, the free shipping feature makes choosing an expedition so you don't have to use it",0.7598,Positive
understand the notification of the gin order on the same date as if via arrived according to the estimated date via the city instead stuck term of cooperation follow up min,-0.25,Negative
how come the courier service lot wants to go bankrupt like being a partner checking out Monday night already Friday is stuck on the road,-0.4767,Negative
"Invoice goods on September, at South Jakarta, Tangsel, the base was over, I was told to wait for the order, the goods were also used, the date of the solution",0.3182,Positive
"hello, the first time I used the recommended courier, I could get it to my hand, but I didn't change the courier, how come I changed the core, what happened to the package over the shipping limit",0.3612,Positive
said the red race car caww,0.0,Neutral
"it took really long to send to Sidoarjo Surabaya, Monday arrived, choose free shipping, the courier automatically selects",0.5106,Positive
Subscribers may be disappointed,-0.4767,Negative
"I didn't take the wae, sis, the package instead of Jakarta, it just got worse",-0.4767,Negative
I took a real home expedition because there were so many orders coming in that the package was like a data delay,0.0516,Positive
"at the end, how does the gin package status change",0.0,Neutral
"Dear seller, maybe when you don't have to use the expedition, subscribe to your goods until your funds are liquidated, the seller's shop gets a star because it's slow to send",0.3818,Positive
"why do you already want to go through the estimation of receipt status, gin, gin, just cc",0.0772,Positive
why is the day wrong cc,-0.4767,Negative
"buy goods using free shipping, real zonk is free instead of using the goods as a result, even though the expedition is often subject to customer complaints, they instead give free slots for shipping, the main customer satisfaction",0.8779,Positive
"Thank you very much, the package arrived today, everything is great, very satisfied, poko",0.8655,Positive
wkwkwk same case,0.0,Neutral
"Hello, can I ask for help, I have to send the goods to the Transportation Agency at all, well, chat, telephone, the item hasn't been picked up with the info, but I'm waiting for the info to finish with the buyer",0.34,Positive
"So cooperating with couriers, there are lots of problems with consumer complaints about being on time, lots of trivial purchases, you need to pay attention to the courier asshole",-0.7096,Negative
"In the end, jne is still better than new couriers like jnt anteraja. When buying goods online, shop like shopee.",0.7845,Positive
the seller's revelation was really affected by the delay in sending money to buy it so it lasts longer if for example buying it immediately after the transaction lasts longer,-0.4927,Negative
"revelation, maybe pay attention to the seller's complaints, it's a big loss in the future, choose cheap courier cooperation, so it's cheap, it's a loss to buy the brg, use it quickly",-0.7717,Negative
"It's been a day since the tweet was responded to by the receipt, even though it was picked up on September, it was really annoying to poke",-0.4576,Negative
"Help send the package using the best, buy the date until now it's stuck in Jakarta, the problem is the item wants to use",0.4939,Positive
courier service package no receipt then buy it immediately send it already week more resistant East Jakarta September date contact CS solution thank you,0.3818,Positive
"choose free shipping, it's just the same as anteraja, both trouble, then I sell it, I have to pay",0.0516,Positive
"Don't use free shipping, if you want an expedition, if you use free shipping, choose just delivery, of course not a seller party",-0.0926,Negative
"read the problems with sending anteraja, etc",-0.4019,Negative
"I'm weird, I asked to buy, said the item was received, the status of sending now, it's been more than a day, changed the cash, said wait for confirmation, I tried to contact CS, through which the bot responded",-0.1779,Negative
"aahhh, the service is really bad now, the courier model is better, don't use the name just the name, the express is not good",-0.5104,Negative
it's just an expedition partner to fill the problem anteraja,-0.4019,Negative
"You know, suddenly the Sap courier called to deliver the package, it's been more than a week until Bogor, East Jakarta",0.0,Neutral
Termination of contract with entaraja gt gt gt gt gt,0.8176,Positive
package w has been stuck for days,-0.25,Negative
ask to block as their shipment vendor the most correct,-0.4404,Negative
"Just as dilapidated, the Jogja Pamekasan package took days to arrive because it held up space even though in the past all e-commerce chose a lot of couriers like jne jnt now it's the same as between",0.3612,Positive
"choose the most delicious anteraja, always use it when the anteraja is really slow",0.6115,Positive
"it's clear to confirm what the problem is, what exactly is the slow response of the package, it's late for a week, the time is told to wait for the small day, detect the package system until it collects the transaction fee, just good",0.4215,Positive
shopping mamang every advertising jargon free shipping okay gaspol until bus million at the end which package is clear all packages are stuck sorting normal city just smooth until my house now it's great,0.872,Positive
"it's just a myth that I'm bored shopping through if you use a courier, I guarantee you will complain, usually using expeditions, only max days, if you use snails, weigh the day, thank you",-0.0258,Negative
"Afternoon, actually take anything yourself. You need to point out about joining the chaos issue, so you're worried about ordering then",-0.7334,Negative
"Dear expeditionary services, it's true, there are lots of customer complaints, the goods are late, even the old status is gone, please review the work of the expedition partner, the insurance is indeed covered, but the customer still loses",-0.1154,Negative
"it's better to use paxel gosend, pay expensive, fast, compared to using entaraja, it's a shame that many sellers use paxel",-0.1531,Negative
palak and courier cod are accepted,0.2732,Positive
pol already subscribed plus even though goods leaving Jakarta just need working days geezzz,0.0,Neutral
The value feature of the delivery service takes a long time to send packages stuck day by day,0.1027,Positive
it's good to stop cooperating with ordering goods on dates waiting for courier status even though paying regular shipping is not free shipping,-0.2505,Negative
I have to immediately evaluate the work of the stuck package every day the city is headed,-0.25,Negative
"hello, how did you finish sending the package after a long time",0.0,Neutral
check dm package until check stuck almost more than a week,-0.25,Negative
"I bought the August date now, the bomb package, no receipt, process it immediately",0.8402,Positive
day-to-day funds buy selling goods whether there is a demo chat answer yesterday day of responsibility,0.0,Neutral
Suggestions not to use it for free shipping services for goods on Sundays for sorting even though they are sent in one city,0.5106,Positive
just now co got the auto cancel courier order sorry seller it's better if the seller uses free ong lazy so it takes a lot of problems,-0.0772,Negative
"Most resent buying online then sending it using it because it took so long to arrive, choose it, just help me with my package",0.1796,Positive
Buying goods must be on September until now they haven't appeared yet bought via a delivery service already complained about the date it hasn't clearly asked for a refund just went ahead and bought it offline it's really good,-0.3105,Negative
"yes, the effect is less, the courier is rich",0.743,Positive
"the problem is that the speed is fast, all the subscribers will run away if it's like this",-0.0516,Negative
"the general rif toped is stuck, my package is stuck or something",-0.4588,Negative
"I sent it since September, I haven't sent it to Sunday city",0.0,Neutral
"Measuring the shipping cost of the East Jakarta bamboo hut, Kalibata, far away from the city, the rides are only Rp. 1,000,000",0.0,Neutral
"turning back, actually I gave up on using it, I deleted the expedition list, the active recommendation courier appeared, the party's recommendation courier, then the notification went crazy",0.0772,Positive
come to the warehouse directly,0.0,Neutral
"please take an attitude so use the application to feel at a loss for the courier partner who is slow to send the item, you have to give a penalty if necessary, you will be subject to a kick penalty, the courier partner",-0.7184,Negative
"The problem with the expedition is that there are a lot of people who are self-aware that they don't use it, it's hard to buy and sell at the same time looking for a program to sell, using the pretext of the courier program, choose the todong program",-0.4767,Negative
"I was curious about sending goods, I asked and answered whether there were operational problems, whether it was a strike",-0.2263,Negative
"dead expedition, select olshop expedition, don't give up, look for ways to recommend the courier program, check the recommended courier page, select send, suddenly it activates itself",-0.25,Negative
kapok kapok work with the expedition of the problem of segkonkol really angry and disappointed,-0.8643,Negative
"It's the same as a jerk, I paid for the item and immediately processed it and sold it the same day, it's been more than a week, the goods arrived, the status has been completed, even though I received the item for free, I also complained via the application",-0.2023,Negative
the same delay the package has not arrived,-0.3182,Negative
"You don't have to work with the trash lambretta day package for the Sleman Warehouse, even though you want to use important items right away",0.2732,Positive
"shopping & september package, no news, final order, package out, east jakarta, jakarta, parcel sorting, no wa, no answer, no answer",-0.1591,Negative
block stop being a recommended courier when sending to tangerang to pondok aren a week until I found out I was dating myself,-0.5106,Negative
choose free shipping choose sis buy non e commerce send it using tik paxel thank God it's safe I hope it's safe,0.9393,Positive
It's true that the package has been stuck there for more than a week,0.2023,Positive
help with motion packages from the receipt date,0.4019,Positive
dheophe same date sorting date jakarta update update,0.0,Neutral
dheophe never trust silama express,-0.4023,Negative
"Buy regular wear items, send North Jakarta to South Jakarta, now the news is messy",-0.3612,Negative
freight forwarding affiliation,0.0,Neutral
"Admin, send it via delay. Subscription solution, be patient, wait for the update, diligently check the progress of sending it",0.4215,Positive
"Huwaa kakaa, I was instructed to file a complaint with care, but it has not been processed, maybe you will also file a complaint, please follow up",0.1655,Positive
"Same sis, already reliable, shopee toped lgsg, I'm off service Sunday, package problems include missing, others, more days, received",-0.5994,Negative
seller pays buyer replace win win solution responsibility,0.872,Positive
finally the funds are returned,0.0,Neutral
"September date until now, the status of the sorting place, try to complain about the response at all, the function of the courier feature, what recommendations",-0.3612,Negative
I swear I'm the same as jkt though,-0.0516,Negative
"it's crazy that I bought the item free of charge using the September date until the day it arrives, it's better to pay",0.5267,Positive
Waiting for the package estimated date of September Expedition date gin Ig comment column turned off instead of wrong correction instead of running into trouble,-0.7003,Negative
"Monday, the date from which it was sent, the date it arrived, it must be regular, how long it takes extraordinary",0.0,Neutral
"it's the same bro, I also got stuck buying the date, then the date was discontinued, then the date was transferred, but hahaa, it's just that the toped package is really stuck, I don't know how are you now",-0.533,Negative
"Hadeeh, so dear, I ordered September, estimated September, but September, the package status hasn't changed yet, how about follow-up?",0.2374,Positive
"Saturday, Sunday, I want to pick up, it's better",0.4939,Positive
the package used to be old now,0.0,Neutral
"When is the delivery contract done, it has to be finished on September to the day of silence, just googling lots of the same problems",-0.4019,Negative
"free shipping if you use old expeditions, it's better to use anteraja to choose an expedition like that, you know, shopping for tokped makes it take a long time for the expedition",0.8271,Positive
min ok banned,-0.2023,Negative
"can you contact the admin, say you can't deliver the courier, resign, it's useless to pay the postage, tell me to pick it up yourself, the distance to the address to the office, you guys are right",-0.6808,Negative
hello admin update send invoice number inv mpl no receipt week goods received solution help sell thank you not yet,0.6808,Positive
cs jnt already swears at twitter wkwkwk,0.0516,Positive
"Just complain about insurance, send it",-0.3612,Negative
"Istighfar, I've been using it for a long time, it's sad that the pen nages every hour, I check the track, just like that, you know, using free shipping once it's arrived just as long as it takes",0.4019,Positive
dammm shopping with free shipping you know courier anjirrr can't just replace it if the package has lost the tokped auto package,0.25,Positive
The package was ready to be picked up on the day the courier said the pickup failed even though the courier came,-0.2023,Negative
"I was really disappointed with Tokopedia Anabul, eating, coming, and coming, I ordered it for a week, when I checked, it was finished, I messed it up",-0.6997,Negative
"Sis, I suggest you just change the delivery service, sis, just replace it, sis, click on the picture, it's really bad, instead many end up handing over the courier package, just close the shop, brother.",-0.5849,Negative
"Sis, I suggest you just change the delivery service, sis, just replace it, sis, click on the picture, it's really bad, instead many end up handing over the courier package, just close the shop, brother.",-0.5849,Negative
"Change free shipping for goods Sunday bomb news I swear when it comes in dented condition, I return it anteraja",-0.0258,Negative
"admin, how about Tokopedia, how do I change the expedition, I want to use it, instead it automatically keeps using it. Now it's really slow until Sunday, before the warehouse rots",0.0772,Positive
"plus looking at Instagram tagging using a recommended courier, the reg said over, jne, jnt, really clear",0.5709,Positive
Complaint Sunday update receipt number via,-0.2263,Negative
"It's true that I have given up on having to review an expedition like this about canceling the purchase and selling the danger, min, if it's just busy",0.2263,Positive
"Min, I'm asking for an investigation, when the goods arrive broken, the people at home have time to make proof of the package, take it with the courier",-0.4767,Negative
"Shopping with the courier had stopped tracking the status of the September date, it turned out that the September date continued, so that was cool, thank you, hopefully",0.7063,Positive
"dear, please consider cooperating with the package delivery service, it has started to really respond to cs services",0.5994,Positive
"send the date of the recommended courier, when do you want to send all pending dates, call this, call the recommended courier, service at a loss, buy and sell",0.1531,Positive
"Check dm min, the package from September to now there is no news, at least it's clear where the contents of the dry food are",0.1027,Positive
My heart is wrong,0.2732,Positive
dear I wrote or don't know how to contact cs doesn't help even on WhatsApp I bought the item on September 2nd the process & pick up on the same day as EST tomorrow will arrive in Malang,0.088,Positive
"Hi, min. Receipt of buying goods, sending, sept, sept estimation, now, sept, moving to East Jakarta, what happened to the package, min",0.0,Neutral
"Where is my package, it's been more than a week, even though it's Tegal, Jakarta, give the seller to pay, if it's done immediately, the courier will demo, but the package is sent, don't lose the package",0.3993,Positive
"Dilemma, sis, sell it early, just let it go, because I took part in the free shipping service on the day the status was gone, I forced it to deactivate it, I was really tired of complaining since the end of July, it was a lot late",-0.6865,Negative
"Please, the date of the package until now is clear, it's better to go to the orange shop, it will take days until Sunday",0.7783,Positive
"even though the pick up courier was good, fast, pick up, the way the bell was until I waited for Kalimalang, many times yesterday I was patient with the status lost, I was forced to close it first.",-0.34,Negative
huh buy items what items send packages late everything is in order,0.0,Neutral
ken give up how it is already delicious shopping courier recommendations slow delivery,0.5719,Positive
"For a long time, I used anteraja to send it, suddenly the detection of anteraja was real, the booking code & JNE was real, added myself, chose a recommended courier",0.2023,Positive
"The thread of the chronology of ordering goods through the order of the coming Sunday, how to track the destination",0.0,Neutral
kalau shopee nonaktif buat or whatever shit is about to go down real quick,-0.5574,Negative
"hello admin, as a partner, I want to investigate a lot, send a lot, even though the week is longer, I have a lot of experiences and help, how do I continue to break up with partners?",0.4588,Positive
filing a complaint via internal investigation takes working days lol,0.1531,Positive
courier recommendation makes you confused when picked up between jne and picked up between jne,-0.3182,Negative
"hi hepizen, I'm very happy to help you, brother. Always anteraja service level.",0.788,Positive
it's better to just break up with friends than harm consumers,0.3612,Positive
"I've been shopping using a courier, it arrived when I checked the real receipt, wrote it out, how do you know, btw, I'm shopping through the usual way like",0.3612,Positive
Haduuuh Friday the bomb package arrived in one province,0.6124,Positive
"Order dry snacks on Aug. Send depok pasming and use now and don't turn around. Order laptop sitting on Sept. Use services on Sept. Already anteraja, I've looked at it",0.0,Neutral
"confused about the wise expedition, deliberately choosing the right thing, sending it via ground courier haul estimated Sunday more Jakarta to Sumatra hadehh",0.2023,Positive
yesterday's investigation just now d bls at the resolution center,0.0,Neutral
"don't use the delivery service, God eats the heart, the wait is far away, the estimate is that you need goods on purpose, you bought it long ago, even in a hurry, the main enemy is really the same",0.4215,Positive
"return the money for the lost goods on the expedition, don't want to lose to shopee, hey hey, there are lots of real victims",-0.3744,Negative
"Just change the name to a razor blade, send it stuck, the date is surprised, the update, wa, replies to IG, closes comments, follows up replies",-0.0258,Negative
your dog wa reply ig reply report reply to work package arrived date,0.0,Neutral
"wow, the date sent is stuck, just call CS, I want to change the name of the courier, not a razor blade",0.4767,Positive
"use it for the expedition partner, it's bad to send it, yes, the package holds the date until now, the cs date is hard to contact, it's annoying",-0.5994,Negative
free postage use isn't it,0.5106,Positive
"Bro, I want to ask to send a status update",0.0772,Positive
"Also, I already know that it's not working, even if the free shipping system chooses my package, it's been clear for a week",0.7096,Positive
"Min, help first, admin, but how did you receive the outgoing package, bro?",0.5647,Positive
"Min, it's better to focus on finishing the complaint, the package arrived, said the courier, both versions",0.1779,Positive
hi dm to ask the position of the package since wednesday september please ask for a check thank you,0.5859,Positive
it's true that classes using couriers always make me disappointed just like a courier,0.296,Positive
"I'm really going to switch shops with good couriers, they're tired, I make complaints and then check out",-0.4019,Negative
"Wow, the Pangandaran Lake Day package takes hours with a private vehicle, so choose a good courier",0.7884,Positive
demand seller buyer only one day to stop working together to make it worse,-0.7003,Negative
"Hello, Min Seller Shopee, please provide information on the natural slow latch between packages for the Jabodetabek area because there are so many shop buyer complaints",0.2732,Positive
"No wonder yesterday Monday, next day, Sunday, salute to return the postage money",-0.296,Negative
maybe deactivate it before sending the package using my picture so I'm hesitant to use free shipping I'm afraid I'll send it yesterday and it'll arrive in Jakarta Jakarta,0.2551,Positive
bullshit really asking to chat via dm it's free for a solution I chat via wa just answered with grandiose template in php in but the cs failed when I was asked it was crazy slow because the goods amp already passed the estimate I was told to wait for the cc,-0.6956,Negative
really sad where is the child's milk,-0.5256,Negative
"what happens to the package via admin, promise the max date of arrival, please help ri",0.743,Positive
"order from september until now when it comes, what do you think about the warehouse package",0.0,Neutral
"Think about it, if you want to use a courier, give the right solution, say help follow up, help report the courier, the results are really disappointed at the same time",0.5584,Positive
"let's just block the victim, just me",-0.6124,Negative
"Yesterday I bought a Samsung authorized store on expedition, thank God it's safe for the free keyboard. Help claim with CS by wa. Estimated days of arrival",0.91,Positive
"please, it's clear that the Sunday package instead got the news from the regional expeditionary office where it was closed, the news was even playing throwing, the receipt news tracked where the non-COD package was",0.6908,Positive
"I'm really tired of protesting so that I can stop using it for free first. I want the day when the goods will be sent to Mars, what do you do",-0.5936,Negative
"Admin is really slow, if sending is slow, it's normal, please understand, admin cs can respond quickly, buy it so slow because of the expedition",0.3182,Positive
"stop shopping because of the lot, just throw it away, the courier is safe",0.1779,Positive
"package, how are you, Sunday, it's clear, the word, bring the courier, the warehouse said, the seller is the same, there is no follow-up, consumers look for themselves as customers, they are very disappointed",-0.4576,Negative
"it's true that the fast expedition really deserves to be slow, it's really sending jne, the economy is other, it's safe, it's good, the shop just stops",0.7906,Positive
"Min, please understand",0.3182,Positive
"I know that Anteraja Swift is the fastest ride between there, Bapuq",0.2023,Positive
"I'm confused, I want to contact the cs number, I can't contact the number, wa, cs, answer the robot, the package is stuck on Sundays, it doesn't move at all, South Jakarta, South Jakarta, Allah",-0.4445,Negative
hello sis evaluation I sent the goods on the same date as Jabodetabek until the second the package arrived past the deadline of course my system is active the courier,0.4019,Positive
"what about complaining just starting work now, if you work, it's better to resign as a partner",-0.0772,Negative
"Usually free shipping coupons, if even though you pay more for the item, it's free shipping, so the seller is affected",0.6808,Positive
"the package, wow, the delivery is using a moving horse and the expedition is like this",0.743,Positive
please don't use it to bother,-0.0258,Negative
"it's really hard, sis, chat, advise buying suddenly, star review, old courier, seller rating, buy reckless like that, I hope you just make fun of the comments section",0.6494,Positive
"because in order to actively understand all expeditions, the buyer's account is toped, the gold member, the selling account, and the silver, have started to actively buy and sell, the marketplace is too lazy to use it, it already has a big name, like jne & postal, far less than the duration of the package arriving, appeal first",0.5574,Positive
"I already know that there are a lot of problems with free shipping, even if I prefer to use it, it's better to choose an expedition",0.5423,Positive
he seems to have protected the estimate for sending the normal day of the residency yesterday to today,0.4404,Positive
"Hello, set up a new free shipping courier, it's reliable, add an expedition, just enter the free shipping feature",0.765,Positive
"give the courier feature to turn off the service first before the management is good, the package is stuck until the update week",0.2263,Positive
options send time delete either buy sell,0.0,Neutral
Cooperative business advice with disaster,-0.6249,Negative
"it's better to just break up with the courier, free shipping, original trash, really, Sunday sent the former Jakarta, the former, the former, arrived",0.8176,Positive
"I have a few packages that haven't cleared at the longest to send the date of the agt order, all via selecting alternative couriers, if via shopee, I'm free to choose an expedition",0.4596,Positive
really strong fyi,0.688,Positive
"like choosing a service, even if it's free shipping, changing the schedule, it's far away from the expectation of giving up",0.802,Positive
"to be honest, it's really bad, it's really slow to use it for free, even though it used to be when I used it, it was a lot worse",-0.0754,Negative
Kajg Kalo Dishopi Sad Peran: Pakke Tapa Kalo Ganati,-0.4767,Negative
"how about the ballad, the tokopedia seller solution",0.3182,Positive
"It doesn't matter if you change all the reasons, you have to be wise there, if you report to the shopee, etc., it's like you want to make customers lose money, it's already a blue day",0.4812,Positive
win end buy wrong,0.1779,Positive
"it's bad that the package is used if it's just a pin day instead of delivery, why is it free shipping instead of using an expedition",-0.0516,Negative
"It's been almost a year since I've wanted to use it, I've had to give up the package for a week, it's only Jakarta, it's bad for the courier to choose my own order, I can actually change my package, it's been a week.",-0.5423,Negative
use insurance to replace it then push the toped just investigate sm the toped amp is really bad why does it hold the toped,-0.5849,Negative
the expedition told me so that sending messages according to the schedule had all stopped,-0.2263,Negative
"the name of the request pick up via the app yesterday afternoon to pick up the package, it's better to change the name to be slow, good value for the courier, I'll give you the highest star",0.802,Positive
"dear, the current system is really messed up, the initial expedition knows how to change jne, it's been a long time, so when the goods arrive, it's not feasible to get home, don't change the system",-0.024,Negative
click finish toped the process of claiming important funds click complain,-0.1779,Negative
the spirit of losing packages through wasting time,-0.5574,Negative
wow very impudent,0.5859,Positive
"dear admin, I want to go shopping for a week until I use the expedition, how about Mimin, when the last tracking is Thursday, after what do you do?",0.4404,Positive
"the slow action of eliminating random people's packages was more than a week late, the expedition turned out to be a lot of problems.",-0.4019,Negative
"such as immediately taking action on cases of service partners sending many complaints about packages stuck at the sorting site since August, reducing public insight to shop via the marketplace",-0.5719,Negative
Waiting for the order package to be sent in real to be invited around Jabodetabek,0.0,Neutral
ask how is it when the postcard suga hasn't arrived yet v it's already bad that using swift takes so long ahh it's better to use it faster,0.0516,Positive
"Different e-commerce, different maintenance, how come it's so fast, how come it arrived on the day of shipping, used shopee date, only used Tangsel, how come it's in the warehouse?",0.0,Neutral
positive thinking ae buy cat food at the shoe store wkwkwk,0.5574,Positive
what about boss responsibility,0.0,Neutral
"Appreciation for the most important services, happy working, healthy & benefits",0.9281,Positive
"hello, send it, send it yesterday, take it home, even though it's already a branch now, I don't know if it was last Sunday, just changed it to be slow",0.0,Neutral
hi sis maja neng listen waiting for order sis come along thanks raa,0.4404,Positive
on the date until long just change the name to slow,0.0,Neutral
"I haven't shopped since I subscribed plus the results of the package really come better, use jkt, sby day & bdg sby day, jkt sby, great day",0.8062,Positive
garbage next day palalo just change the name slowly next day change next day after tomorrow,0.0,Neutral
"Just change the courier partner, it's not clear",-0.2924,Negative
it's the same as shopping with a pickup pickup,0.0,Neutral
"Hello, package receipts are traveling, please check, buy, sell, send the date",0.3182,Positive
"Which item was ordered, updated according to what I received, said thank you, asked the security guard, how did you receive it?",0.5994,Positive
"Using sii, the expedition really took a long time",0.0,Neutral
Nek Sek handle jne hours jnt hours don't understand nek entaraja nek no suwe ndak marem maybe you can take a break free shipping maybe it's more suitable to be a savings and loan cooperative,0.2732,Positive
"I want it, admin, how come my package is going to buy, sell, already sent the date",0.0772,Positive
"cch as soon as you choose to turn off in first, just turn it off because the free shipping facility is anteraja anteraja it's worse a lot you don't want it to stay on",-0.0057,Negative
lead how to send using halu instead of sending via land the estimated sd day even though the official website wrote the estimated days,0.0,Neutral
"God forbid it's unclean to use a lazy courier, cs the bot says it's already an address, even though it doesn't show up at all, this model becomes a partner, it's a loss for sellers to buy",-0.6124,Negative
"went awry, wanted to close, joined the free shipping service, maybe evaluate the work of the shipping service, hope it's good, that's the day's complaint thread",0.7845,Positive
"Hello, how long do you want the goods to last, wonder, please delete the recommended courier",0.5267,Positive
"for sellers, it's better not to use it first, just send it to jabodetabek, it will take a long time to arrive",0.4404,Positive
"Shipping costs as of September have gone up and it's crazy, jne regular reg, k, k, k, k",-0.34,Negative
I sold the funds and bought the funds for burnt sadly the end was charred late to see the notification I had to upload where I thought I had changed the month and the money didn't come back asking to sell throwing toped asking toped throwing the ends charred,-0.4215,Negative
the muter package is clear even though it's almost a week close,0.3818,Positive
choose the most expensive courier for free shipping even though it's cheaper to cut,0.296,Positive
"hello, now your goods have asked me to file a complaint and end up refunding money, I'm reluctant to sue",-0.4939,Negative
"wkwkw even though today I haven't bought a type c charger cable, sent it fast, right when I bought the item, it beat Indigohome when it rained",0.0,Neutral
Waiting is slow to throw away tokopedia,0.0,Neutral
"shopping for the package courier package received there in the middle of opening gin brakes, fortunately only skincare you have experienced",0.0,Neutral
"It's better to be orange, sis, because it's the same problem, do you want e-commerce, if you bring goods with delivery services, it's a problem",-0.296,Negative
"hello, do you recommend the old courier, how long does it take to arrive, the goods are really better, what have I paid for the application fee, how much do I pay for the application service so that the recommended courier is better",0.8503,Positive
"use plus the word priority courier send used Cibinong goods, what day do they arrive",0.0,Neutral
"Hello, yesterday I asked the seller to contact Customs and Goods, I really have the heart for you to swear",0.6444,Positive
"mjb oot in the end, I really like gaje like that, I usually shop miniso, I use postage, I have to cover full and free shipping, when I mo co arrives, I get shipping to cover, I just paid, right before, co already came back.",0.8341,Positive
"At the same time, I don't want to use Halu because my OVO balance is rb left",-0.0572,Negative
hello order pick up,0.0,Neutral
Omg the West Jakarta package is even farther away just one time to go around Jabodetabek pfft,0.0,Neutral
"hi, since it's plus, it's like anteraja, the method isn't free, it makes it longer, now it's longer, spy, subscribe plus, see more time, that's not true",-0.3682,Negative
"It's like it's better to use it now since Tokopedia Plus sends free shipping. It's amazing how long it takes to buy the item, it arrived on the same day as the bomb, and the courier",0.9477,Positive
"damn, I've been shopping online, once I used a courier, I received the money for a refund, I was told to wait for the day when I got off work, so I finished buying the ssd to make a notebook",-0.4019,Negative
danger i express stopped cooperating with the damaged expedition good image sorry for the penny people taking medicine need it fast or eat immediately expired sicepat fast,-0.6808,Negative
"danger i express with the former to the former the date the package was sent to depok the date the package sent the used the date back to jakarta the date the ex-courier was back, how can you imagine if the item ordered will be expired",-0.5267,Negative
I hate Antella,-0.5719,Negative
"When I shop at Tokopedia, I often experience things that take long to arrive, even past the delivery deadline, but it's so slow that it's enough to move shopping, send it fast",0.0,Neutral
Expedition delete love option Expedition checkout Expedition always goes through estimation of goods,0.6369,Positive
"I swear it's not good to use it, you can choose expeditions often, the house isn't that good, I swear, now the package is turning around",-0.6384,Negative
"Tokopedia uses free postage, uses anteraja, the correct delivery address is Bandung, likes to be lazy, takes free shipping, I'm afraid for Entaraja",0.7845,Positive
"it's true, I got it pretty fast, I've used Medan Bandung, it arrived xhour, even Bandung Regency, Bandung, used Entaraja today, the address for Lake Entaraja is good, Central Java, East Java, the average day it arrived was the problem with the Bandung sending address.",0.7351,Positive
it's better to stop cooperation quickly and slowly,0.1779,Positive
really bad service please stop working with,-0.5314,Negative
the plan to remove the long service expedition partner is that there are more and more deceitful members using expeditions,-0.5356,Negative
try to search for google just write about the central area,0.0,Neutral
"I'm really going now, it's starting to be good, but I love working with the expedition, it's a mess, maybe min just cross it out",0.6705,Positive
"Min, what's the point of rejecting the package when I want to send it, selling it, I'm also confused",-0.6124,Negative
seller's advice avoid delivery problems avoid sending proof of delivery West jakarta south jakarta the day the courier marketplace arrives,-0.7269,Negative
"it's even clear that the package is more estimated, it's clear that I've used it first",0.6666,Positive
"Sending is not an inconsequential warehouse hoard of goods, weigh partners",0.0,Neutral
"just deactivate immediately, choose delivery, impact courier, recommendation to deactivate outlets, many closed employees, many contracts were terminated, right?",0.0,Neutral
"Min, use the recommended courier from Gin Lot to send Jabodetabek, centuries have arrived, don't cooperate slowly, just ruin your reputation",-0.4588,Negative
shop until rb cod send free shipping courier send and estimate date august but until the status of the aren cottage courier,0.2846,Positive
"hello, the package message seems to be stuck on August, please follow up immediately, thank you",0.4215,Positive
"hello, min, the Manifasted package Friday morning, what is the holiday for shipping on Saturday, Sunday?",0.4019,Positive
"hello, package admin, bought August now, status is still waiting for pickup, even though it's selling, if you take it now, how can you receive the package?",0.0,Neutral
"Min, the bomb package arrived when I bought it even though I used the best service",0.25,Positive
"Wait, in good faith, I have complained here and there until now the package is traveling even though it is clearly clear that customs evidence is chat with Batuampar drop off point at Batam",0.7351,Positive
"When will the package arrive, admin, I have given a clear address, Central Jakarta, even East Jakarta, you know, sent it back yesterday, please give me info",0.5994,Positive
"pick-up package hours, transaction courier, thank you, poor service",-0.1531,Negative
"hello seller & send using the package, can't drop the agent close to the agent, said now, if the req pickup can't drop, why can't the courier wait for the courier, don't know when it's coming",0.3875,Positive
"Min, cent century goods, date until now sent",0.0,Neutral
"if you want to claim insurance, the delivery is slow, how about ordering the next day yesterday",0.0772,Positive
"The package arrived, it's already the day the status changed, how about the usual words, like gin, August, just used",0.3612,Positive
"hello admin, yesterday afternoon at drop-off, send the Bojong sub-district head office, Tegal regency, receipt day, input the receipt number, send status, please check, thank you",0.6249,Positive
"I use anteraja, it's always safe, the courier is friendly like that, anteraja choose expeditions, I always use it, thank God, it's always safe to go",0.9337,Positive
"the way to deal with the cake package is like this, how about the date of changing the status even though it's holy with a close house",0.3612,Positive
mending complain,-0.3612,Negative
I have been safe for a long time,0.4404,Positive
"I really bought a cell phone and others, I usually buy it, I need to RT, thank God, it's been a year, it's safe, the package is according to the estimated time, thx and anteraja, everything is always successful",0.9153,Positive
"i yes, was using jne in goods g ad even goods were broken by couriers because small fragile signs were replaced by parties",0.3182,Positive
"Direct interest dm cod items directly to the banjarnegara location. If you want to send via shopee, send using jnt cargo, safe at home",0.7351,Positive
wts selling webcam pro logitech c full hd p new warranty seal th fits google meet zoom game streamer jt price negotiable if interested just dm if you want to send via shopee send using jnt cargo cargo safe at home,0.7783,Positive
i x buy using jne anteraja shopee express all safe old rd party lost items can claim relax insurance,0.7351,Positive
"i jne, it's better if i don't like to be sane, based on personal nature",0.1999,Positive
I suggest you use it,0.0,Neutral
"actually the problem isn't because you use jne here, the courier guy is back, j & t, the courier person is the same, nothing, but the item is lost",-0.5859,Negative
"I don't take a courier, so I suggest taking a courier to deliver, the problem is that once you didn't buy it when you sent the goods, then you forgot to use insurance, packing wood, the result is that the goods are lost, I don't know",-0.6124,Negative
"I'm right, when buying a cellphone, I often choose to always trust far",0.5106,Positive
Wrong package sent plastic writing for sorting names even though the paste is not an identity,-0.4767,Negative
"I'll help you report it, if one sells a cell phone, just suggest a friend to buy a cell phone, just use it, as long as it's altifin, insurance is mandatory, but the other is up one city using gojek or grab",0.4767,Positive
"Send on August, the maximum limit for packages on August is past the day of August. There is no news at all about the cs package, I'm told to wait, it's still unclear whether the package will hold",-0.4939,Negative
damn it took so long to send the ex-dated date to Tangsel hoping to send aceh until now until it's better to check the speed first so that the seller doesn't want to deactivate it first,0.4172,Positive
"Now shopping using free shipping, like was automatically selecting anteraja, sometimes I just like to request a seller, just use it",0.8074,Positive
logistics hi alovers apologize about the natural constraints you have problems please help confirm then dm dm you will help respond definitely dm twitter official akulaku verified blue tick thank you,0.9022,Positive
"Min, the package dropped to the outlet, the status of the seller failed to be picked up, it's clear that I got a receipt",-0.1779,Negative
"Min, I want to ask the seller, right? Send the goods via drop goods outlets. The status failed to be picked up, right?",-0.6662,Negative
"slow down, try to check cooperation",0.0,Neutral
where is the free shipping option either anteraja choose a lot of free shipping shops using anteraja pdhl feedback about anteraja is really bad see from people's review about anteraja twittwr the good intentions of the system,0.6915,Positive
"message inv mpl canceled automatically party compensation party, right, hopefully the toll road is good",0.875,Positive
"please input the receipt, send it quickly, take care of sending it off automatically",0.6705,Positive
"it's slow, lola, it's already the day of ordering on August, it should be already bad August, friend, logistics",-0.0772,Negative
use posaja friends so it's safer faster daniel,0.7334,Positive
"hey, it's better not to cooperate between packages and I swear it makes me lazy to shop for goods that take so long to arrive hasss prekkk",0.0516,Positive
"hi allovers, sorry about the natural constraints you have problems please help confirm then dm your dm to help with a definite response dm twitter official akulaku verified blue tick thank you",0.8689,Positive
ordered earlier in the month until the date there was no further news the package leaked broken quickly the process didn't take too long dm the receipt number message number,-0.7184,Negative
"good day order official store goods since Saturday, August, use the delivery system next day, the date it arrived, the last update was in Surabaya since the pk changed the name silama piyee",0.4404,Positive
"Free postage transactions, why are there serious days off?",0.4588,Positive
"Hi sis, regarding the information you are complaining about, send it to you, please contact the channel, join wa customer email help com, thank you for being loyal to Lion Parcel",0.875,Positive
I used it once in the past,0.0,Neutral
"hello, add an expedition, use a free shipping voucher, don't just use an expedition, always worry if you use a goods expedition, it's always late if you use stagnant days, the weight is clear",0.4588,Positive
"August has arrived at Jatipadang, South Jakarta, from my house, it's funny, e August, it's far away, North Jakarta, and now August hasn't even arrived yet, logistics is dilapidated",0.4404,Positive
the sender lapak goods receipt number sent Monday August date of August goods arrived destination final status August goods South Jakarta cargo goods arrived destination address,0.0772,Positive
"Min, this is the reason why people are lazy to shop. Cooperation is free of charge with the courier. It's clear that if you want to contact the package problem, ask Wa to follow up. I hope the Anteraja courier will be better.",0.7783,Positive
hello there is a response to the lost package already complaining via though,-0.4767,Negative
"pie, even though it's flat, the sub-district head is small, hlo walk to the house, btw, the printer service tool, hlo, is quite urgent, red flag really",0.2716,Positive
just delete it so it's an efficient work partner it's better to use it,0.7152,Positive
"If anteraja is free, but you only need to be charged, you just want to choose, sometimes you bring anteraja",0.1027,Positive
"Which is better, give me the option to choose the courier, just use the delivery service, seriously, the courier likes it, according to estimates, it's okay to pay the postage, k",0.6705,Positive
"Pls, yes, just return to the blacklist, this Anteraja expedition, the package is stagnant",0.4588,Positive
It's strange that last month I sent it free of charge using the problem & it took so long to arrive the account was sold on the plus feature by sending cm what's the trial hour what's wrong wow,0.128,Positive
Long time to send free postage at the end of the game because Toped wants to launch a message plus a date,0.5106,Positive
keep the status of sending it pretty well met on Sunday night until the package arrived sofun,0.6486,Positive
"Min, please use free shipping, just choose a courier, I've been there several times, my package, only Bandung, should have arrived yesterday, now check dm wa reply",0.6808,Positive
"Min, the package, Min Tokped, is just the same",0.0,Neutral
The receipt asked for a pick from yesterday and until now it hasn't been done even though it has arrived tomorrow,0.0,Neutral
"If you buy goods using free shipping, is it true that delivery of goods to the address always has an estimated end date for the goods? That's how many people buy items using free shipping promos, it's always like that",0.8979,Positive
"anteraja turns off the free shipping option, forced to use anteraja, select automatically free shipping, if so, Amit uses anteraja, as a result, the package gets stuck the day it arrives, just free shipping",0.7096,Positive
"lohaa the package, how about the initial courier, change the anteraja, how long does it take until now, the package hasn't arrived yet",0.0,Neutral
"it's been a long time since the anteraja has been deactivated, then I've activated the expedition, the real recommendation is anteraja for pick-up, then the delivery has been for an expedition depending on the location, sometimes it just keeps on asking for a pickup, sometimes the application has an error",-0.4019,Negative
tips trick online shopping happy courier Expedition tags shoppe tricks lazada blibli discount cashback free free shipping anteraja jet jnt j amp t jne gosend gojek grab pos indonesia shopee xpress cod pay spot discount credit token bill,0.8957,Positive
free shipping choose only amp anteraja it likes to miss estimation satan already waiting until the day it's already afternoon office waiting for the package to arrive idiot,0.296,Positive
"don't use it first, even though it's the same Monday",0.0,Neutral
"Minto, I've been using it all the time instead of changing to use it's clear that it's taking really long to use anteraja, how about it, I asked the package, just shut up, the reply, min, how many days",0.3818,Positive
"Min, I would like to request a packing of wood, how to send it then",0.3612,Positive
a place that makes you emotional,0.1531,Positive
"hello, buying goods that haven't arrived with an estimated arrival time of August, check the web on the date of August, the update arrives, check on August, the web, the item is lost, dabs",-0.3182,Negative
"Hi, I just want info to buy on Monday, August, now it's not picked up, selling it, selling it, asking to change the courier, the system is very disappointed with Tokped, the item needs urgent",-0.3167,Negative
buy goods pickup date,0.0,Neutral
"Hello, the order for goods with a different address from the sub-district head and the package is stuck, even though the pick-up courier is the same manifested in the same location and the receipt number",-0.1779,Negative
please reply dm respond via dm dm,0.3182,Positive
"Packages from August to August haven't arrived yet, even though the estimated arrival is August, nature has never bought anything.",0.0,Neutral
jg same dm jg not answered,0.0,Neutral
"Shopping is not comfortable using expeditions, if the goods are not damaged, durable goods are then delivered",-0.0762,Negative
I'm in Southeast Sulawesi using HR BRG using new hr anteraja,0.0,Neutral
The courier always picks up on time according to the seller's request. The goods are sent to the warehouse. The delivery process is more correct.,0.0,Neutral
"shopee uses anteraja always takes longer to use, makes it take longer to drop counter, have to pick up the courier where the seller is, like that, usually the courier stockpiles until there are lots of new requests, the warehouse also takes a long time, the buyer takes too long",0.1027,Positive
"it's not just anteraja shopping, toped, the old courier service is different, oren, what courier do you use, you rarely come late",0.0,Neutral
"Logistics cape, I'm sorry I got hit by a stone, I reviewed what was wrong and I reviewed it for the courier, so I got sprayed, I bought the package, I estimate it will arrive in August",-0.5267,Negative
"Logistics, I have given up, I have complained, I think there have been many real complaints, the toped problem has changed, the courier was so lazy, right?",-0.8845,Negative
"Satisfied with full subscription, loss of selling rights, you have to give the option of cooperation with the free shipping program.",0.5859,Positive
"Logistics, even though I already told you, free shipping, don't work with Pink, it hasn't been done for a long time",0.5106,Positive
same logistics,0.0,Neutral
"Logistics, don't date, August date is the same position",0.0,Neutral
"Logistics, hi sis, I'm really sorry for making you anxious. You can help via dm.",0.0276,Positive
"okay, I'm dm the data, I'm also asking for complete details, but I can't change the data according to the order, you can see the receipt number, professional delivery service, not entrusted service, thanks",-0.4761,Negative
"the receipt of the mass depok tangerang day to x who cooperates with the expedition is always slow, it's better if it's anteraja",0.4404,Positive
"I really want to care, I close my eyes, even though there are so many customers complaining that my goods are missing, my package is max.",0.2006,Positive
Lhaa switch courier is early in the era now,0.0,Neutral
"The estimate for arriving in August changed to August, until now, on August, the goods haven't been sent yet, it's too late, your friends, logistics",0.4767,Positive
"ballad, ken, asking what the fee is for the Rp. PS I need clarification on what the fee will be.",0.0,Neutral
"Hello, Thursday, August, I have sorted the new kebayoran, but now the bomb has arrived, even though the new delivery address is not enough courier, heee",0.7579,Positive
"this is marketing fraud, the message is stuck with express, I ordered using a courier, all recommendations, now it's not bad, I checked the cs receipt number, note down, wait for clarification on the matter",-0.3716,Negative
"That's right, seller and shopee, delivery service using gojek grabsend, buy asking",0.0,Neutral
much more indeed,0.0,Neutral
"Anter area only, how come it's a long distance between JNE",0.0,Neutral
expedition anteraja problem safe,0.0516,Positive
huhu even though you already cashback your store activate lionparcel,0.0,Neutral
hi sis chris welcome frst service priority service care thanks for waiting for invoice inv mpl check receipt received july at wib nova employee please check,0.886,Positive
deactivate free shipping sis more wass wusss,0.5106,Positive
"it's so strange, it's already cute to use, suddenly hand over anteraja lol dare to throw the slowest expedition like a snail to the buyer, hmm, the goods are stuck, I don't know Thursday until now",0.813,Positive
The recommended courier program is a shame the package turns around so it takes a long time to track it down,-0.3182,Negative
send shopee j amp t anteraja jne manual jne pick up gosend cod yourself since guaranteed trusted lots of proof follow check yourself for more details chat,0.4767,Positive
"Mimin pls just stop cooperating with promos for free shipping and courier services, anteraja has a lot of pending to send more lots, jne trucking, just use j & t",0.34,Positive
"Check the timeline, it looks like a lot of things have happened behind, sent to the city of Jabodetabek until the other day, help answer if you become one of the recommended couriers",0.7184,Positive
free shipping using real delivery very problem almost a week ordered only Jakarta Tangerang not yet,0.079,Positive
"Dear, I suggest that the shipping is free, just cooperate with Entaraja, one day it's better to pay the postage, normally if you send the metro, you will get it, but the day is over.",0.5719,Positive
It has been recommended for the resolution center at the end of update tracking,0.2023,Positive
"I've entered the resolution center, uncle, usually gece",0.0,Neutral
"it's better not to shop because of your child, dear, you often throw tantrums, even if you sell off the anteraja, you still get hit by the recommended courier, even though the anteraja package changes hands",0.5859,Positive
"uh, sorry, the courier hasn't arrived yet, the status has been received and my name is woooeee, how do I check it, not jne or jnt",-0.0772,Negative
"where do you want the package to take around Jakarta the first week it's best, order the reg hub of Tangerang, how come it's arrived first?",0.6705,Positive
no one,-0.296,Negative
"it's really annoying now that it's already difficult to use, there are anteraja added fees per transaction that really affect work",-0.6697,Negative
"should a notification appear, select an order, be sure by selecting the courier to send, the program must be ready, the courier & ready",0.743,Positive
"people's info says it's overloaded, min, adding a lot of new packages is far above capacity, so yeah, hopefully in the future, free shipping, choose a courier like now, auto use it all the time",0.892,Positive
just use normal expeditions to be safe just a few days ago like this,0.6597,Positive
"Tokped, how come all the customers are complaining because they can't checkout because of a problem with how to solve it",-0.4019,Negative
How long did you wait for the expedition to recover?,0.0,Neutral
I had time to buy clothes using it to be sent more than a week until the end of the word was gone,0.0,Neutral
it's really slow like it's been weeks for the goods to arrive,0.4173,Positive
"I bought a monitor using a courier, it's been a week, I've been moving, contacting cs, the courier has helped me to move Central and Central Jakarta, okay, let's just share so that we become victims together",0.2023,Positive
"I really eat it, the date until the day you pick up, what do you do",0.0,Neutral
m mortal ka ask the followers to buy goods and get a clear message wait for the pick up date,0.3818,Positive
shopping using a shopping courier service starting on July now it's clear even though it's Surabaya Pasuruan what is the responsibility,0.3818,Positive
"blame the shop, check anteraja courier, wkwkwkw just shop, just check jne and jamp t",-0.34,Negative
Budiutomo all choose tokped select free shipping automatically get anteraja shopee change courier as long as it's past the hour when the order is right when the order is directly select the information courier send a change of courier,0.5106,Positive
I'm a friend of mine working anteraja,0.4939,Positive
"Yesterday I sent the goods, I requested a pickup, I brought the goods, but I was waiting for the pickup on the day of the courier's news, the status was cancelled, even though I was waiting for the pickup to help",0.2617,Positive
"I'm sorry, admin tokped the laptop using a courier even though the date until now is stuck there, please help the tokped admin, how do you do that, thank you",0.6369,Positive
inv mpl when pick up is almost a day clear pick up status,0.3262,Positive
"I ask for collaboration in accordance with the shipping fee for Jakarta Jepara, sis. I'd like to buy the shipping fee, even though the markup is thousand, thanks",0.6597,Positive
"Hey, when are you going to pick up the package, pay attention to the slander notification, even though the courier actually came, what if the package doesn't want to pick up, the shop has deactivated it, it's stuck with a solution",-0.0829,Negative
"Farmatk sells all types of office stationery, complete with school, other stationery products, please visit the online shop Farmatk. See product storefront, free shipping using the Antaraja courier",0.6808,Positive
"hello, admin, how are the day packages stacked out of town?",0.0,Neutral
"Darling, the information on the date of July came in, it's complicated, I'm sorry, only the response time is real, until now I've given up when I shop using sending it, I'm always satisfied",0.743,Positive
"hi sis, sorry to make your package nervous, please provide your receipt number, dm sis, thank you",0.4019,Positive
suddenly changed to bijimane meaning,0.0,Neutral
"At noon, I requested a pickup using it, but now the courier is coming, immediately processing it, I'm waiting to buy it",0.0,Neutral
"hello, I want to ask how the package works, no receipt using gin, the starch is really slow, the goods are lost, it's unclear, the bus is cooperating with the delivery service, the service is very bad",-0.8399,Negative
